[
 {
  "pk": 1, 
  "model": "redistricting.scoredisplay", 
  "fields": {
   "legislative_body": 1, 
   "cssclass": "congress_leaderboard", 
   "is_page": true, 
   "title": "Congressional Leaderboard - All"
  }
 }, 
 {
  "pk": 2, 
  "model": "redistricting.scoredisplay", 
  "fields": {
   "legislative_body": 1, 
   "cssclass": "congress_leaderboard", 
   "is_page": true, 
   "title": "Congressional Leaderboard - Mine"
  }
 }, 
 {
  "pk": 3, 
  "model": "redistricting.scoredisplay", 
  "fields": {
   "legislative_body": 2, 
   "cssclass": "statehouse_leaderboard", 
   "is_page": true, 
   "title": "State House Leaderboard - All"
  }
 }, 
 {
  "pk": 4, 
  "model": "redistricting.scoredisplay", 
  "fields": {
   "legislative_body": 2, 
   "cssclass": "statehouse_leaderboard", 
   "is_page": true, 
   "title": "State House Leaderboard - Mine"
  }
 }, 
 {
  "pk": 5, 
  "model": "redistricting.scoredisplay", 
  "fields": {
   "legislative_body": 3, 
   "cssclass": "statesenate_leaderboard", 
   "is_page": true, 
   "title": "State Senate Leaderboard - All"
  }
 }, 
 {
  "pk": 6, 
  "model": "redistricting.scoredisplay", 
  "fields": {
   "legislative_body": 3, 
   "cssclass": "statesenate_leaderboard", 
   "is_page": true, 
   "title": "State Senate Leaderboard - Mine"
  }
 }, 
 {
  "pk": 8, 
  "model": "redistricting.scorepanel", 
  "fields": {
   "title": "Representational Fairness", 
   "is_ascending": true, 
   "template": "leaderboard_panel_mine.html", 
   "position": 4, 
   "cssclass": "repfairness", 
   "type": "plan", 
   "display": 2
  }
 }, 
 {
  "pk": 1, 
  "model": "redistricting.scorepanel", 
  "fields": {
   "title": "Equipopulation", 
   "is_ascending": true, 
   "template": "leaderboard_panel_all.html", 
   "position": 1, 
   "cssclass": "equipop", 
   "type": "plan", 
   "display": 1
  }
 }, 
 {
  "pk": 5, 
  "model": "redistricting.scorepanel", 
  "fields": {
   "title": "Equipopulation", 
   "is_ascending": true, 
   "template": "leaderboard_panel_mine.html", 
   "position": 1, 
   "cssclass": "equipop", 
   "type": "plan", 
   "display": 2
  }
 }, 
 {
  "pk": 2, 
  "model": "redistricting.scorepanel", 
  "fields": {
   "title": "Average Compactness", 
   "is_ascending": false, 
   "template": "leaderboard_panel_all.html", 
   "position": 2, 
   "cssclass": "avgcompact", 
   "type": "plan", 
   "display": 1
  }
 }, 
 {
  "pk": 6, 
  "model": "redistricting.scorepanel", 
  "fields": {
   "title": "Average Compactness", 
   "is_ascending": false, 
   "template": "leaderboard_panel_mine.html", 
   "position": 2, 
   "cssclass": "avgcompact", 
   "type": "plan", 
   "display": 2
  }
 }, 
 {
  "pk": 3, 
  "model": "redistricting.scorepanel", 
  "fields": {
   "title": "Competitiveness", 
   "is_ascending": true, 
   "template": "leaderboard_panel_all.html", 
   "position": 3, 
   "cssclass": "competitiveness", 
   "type": "plan", 
   "display": 1
  }
 }, 
 {
  "pk": 7, 
  "model": "redistricting.scorepanel", 
  "fields": {
   "title": "Competitiveness", 
   "is_ascending": true, 
   "template": "leaderboard_panel_mine.html", 
   "position": 3, 
   "cssclass": "competitiveness", 
   "type": "plan", 
   "display": 2
  }
 }, 
 {
  "pk": 4, 
  "model": "redistricting.scorepanel", 
  "fields": {
   "title": "Representational Fairness", 
   "is_ascending": true, 
   "template": "leaderboard_panel_all.html", 
   "position": 4, 
   "cssclass": "repfairness", 
   "type": "plan", 
   "display": 1
  }
 }, 
 {
  "pk": 9, 
  "model": "redistricting.scorepanel", 
  "fields": {
   "title": "Equipopulation", 
   "is_ascending": true, 
   "template": "leaderboard_panel_all.html", 
   "position": 1, 
   "cssclass": "equipop", 
   "type": "plan", 
   "display": 3
  }
 }, 
 {
  "pk": 10, 
  "model": "redistricting.scorepanel", 
  "fields": {
   "title": "Average Compactness", 
   "is_ascending": false, 
   "template": "leaderboard_panel_all.html", 
   "position": 2, 
   "cssclass": "avgcompact", 
   "type": "plan", 
   "display": 3
  }
 }, 
 {
  "pk": 11, 
  "model": "redistricting.scorepanel", 
  "fields": {
   "title": "Competitiveness", 
   "is_ascending": true, 
   "template": "leaderboard_panel_all.html", 
   "position": 3, 
   "cssclass": "competitiveness", 
   "type": "plan", 
   "display": 3
  }
 }, 
 {
  "pk": 12, 
  "model": "redistricting.scorepanel", 
  "fields": {
   "title": "Representational Fairness", 
   "is_ascending": true, 
   "template": "leaderboard_panel_all.html", 
   "position": 4, 
   "cssclass": "repfairness", 
   "type": "plan", 
   "display": 3
  }
 }, 
 {
  "pk": 13, 
  "model": "redistricting.scorepanel", 
  "fields": {
   "title": "Equipopulation", 
   "is_ascending": true, 
   "template": "leaderboard_panel_mine.html", 
   "position": 1, 
   "cssclass": "equipop", 
   "type": "plan", 
   "display": 4
  }
 }, 
 {
  "pk": 14, 
  "model": "redistricting.scorepanel", 
  "fields": {
   "title": "Average Compactness", 
   "is_ascending": false, 
   "template": "leaderboard_panel_mine.html", 
   "position": 2, 
   "cssclass": "avgcompact", 
   "type": "plan", 
   "display": 4
  }
 }, 
 {
  "pk": 15, 
  "model": "redistricting.scorepanel", 
  "fields": {
   "title": "Competitiveness", 
   "is_ascending": true, 
   "template": "leaderboard_panel_mine.html", 
   "position": 3, 
   "cssclass": "competitiveness", 
   "type": "plan", 
   "display": 4
  }
 }, 
 {
  "pk": 16, 
  "model": "redistricting.scorepanel", 
  "fields": {
   "title": "Representational Fairness", 
   "is_ascending": true, 
   "template": "leaderboard_panel_mine.html", 
   "position": 4, 
   "cssclass": "repfairness", 
   "type": "plan", 
   "display": 4
  }
 }, 
 {
  "pk": 17, 
  "model": "redistricting.scorepanel", 
  "fields": {
   "title": "Equipopulation", 
   "is_ascending": true, 
   "template": "leaderboard_panel_all.html", 
   "position": 1, 
   "cssclass": "equipop", 
   "type": "plan", 
   "display": 5
  }
 }, 
 {
  "pk": 18, 
  "model": "redistricting.scorepanel", 
  "fields": {
   "title": "Average Compactness", 
   "is_ascending": false, 
   "template": "leaderboard_panel_all.html", 
   "position": 2, 
   "cssclass": "avgcompact", 
   "type": "plan", 
   "display": 5
  }
 }, 
 {
  "pk": 19, 
  "model": "redistricting.scorepanel", 
  "fields": {
   "title": "Competitiveness", 
   "is_ascending": true, 
   "template": "leaderboard_panel_all.html", 
   "position": 3, 
   "cssclass": "competitiveness", 
   "type": "plan", 
   "display": 5
  }
 }, 
 {
  "pk": 20, 
  "model": "redistricting.scorepanel", 
  "fields": {
   "title": "Representational Fairness", 
   "is_ascending": true, 
   "template": "leaderboard_panel_all.html", 
   "position": 4, 
   "cssclass": "repfairness", 
   "type": "plan", 
   "display": 5
  }
 }, 
 {
  "pk": 21, 
  "model": "redistricting.scorepanel", 
  "fields": {
   "title": "Equipopulation", 
   "is_ascending": true, 
   "template": "leaderboard_panel_mine.html", 
   "position": 1, 
   "cssclass": "equipop", 
   "type": "plan", 
   "display": 6
  }
 }, 
 {
  "pk": 22, 
  "model": "redistricting.scorepanel", 
  "fields": {
   "title": "Average Compactness", 
   "is_ascending": false, 
   "template": "leaderboard_panel_mine.html", 
   "position": 2, 
   "cssclass": "avgcompact", 
   "type": "plan", 
   "display": 6
  }
 }, 
 {
  "pk": 23, 
  "model": "redistricting.scorepanel", 
  "fields": {
   "title": "Competitiveness", 
   "is_ascending": true, 
   "template": "leaderboard_panel_mine.html", 
   "position": 3, 
   "cssclass": "competitiveness", 
   "type": "plan", 
   "display": 6
  }
 }, 
 {
  "pk": 24, 
  "model": "redistricting.scorepanel", 
  "fields": {
   "title": "Representational Fairness", 
   "is_ascending": true, 
   "template": "leaderboard_panel_mine.html", 
   "position": 4, 
   "cssclass": "repfairness", 
   "type": "plan", 
   "display": 6
  }
 }, 
 {
  "pk": 1, 
  "model": "redistricting.panelfunction", 
  "fields": {
   "function": 1, 
   "panel": 1
  }
 }, 
 {
  "pk": 2, 
  "model": "redistricting.panelfunction", 
  "fields": {
   "function": 1, 
   "panel": 5
  }
 }, 
 {
  "pk": 3, 
  "model": "redistricting.panelfunction", 
  "fields": {
   "function": 2, 
   "panel": 2
  }
 }, 
 {
  "pk": 4, 
  "model": "redistricting.panelfunction", 
  "fields": {
   "function": 2, 
   "panel": 6
  }
 }, 
 {
  "pk": 5, 
  "model": "redistricting.panelfunction", 
  "fields": {
   "function": 3, 
   "panel": 3
  }
 }, 
 {
  "pk": 6, 
  "model": "redistricting.panelfunction", 
  "fields": {
   "function": 3, 
   "panel": 7
  }
 }, 
 {
  "pk": 7, 
  "model": "redistricting.panelfunction", 
  "fields": {
   "function": 4, 
   "panel": 4
  }
 }, 
 {
  "pk": 8, 
  "model": "redistricting.panelfunction", 
  "fields": {
   "function": 1, 
   "panel": 9
  }
 }, 
 {
  "pk": 9, 
  "model": "redistricting.panelfunction", 
  "fields": {
   "function": 2, 
   "panel": 10
  }
 }, 
 {
  "pk": 10, 
  "model": "redistricting.panelfunction", 
  "fields": {
   "function": 3, 
   "panel": 11
  }
 }, 
 {
  "pk": 11, 
  "model": "redistricting.panelfunction", 
  "fields": {
   "function": 4, 
   "panel": 12
  }
 }, 
 {
  "pk": 12, 
  "model": "redistricting.panelfunction", 
  "fields": {
   "function": 1, 
   "panel": 13
  }
 }, 
 {
  "pk": 13, 
  "model": "redistricting.panelfunction", 
  "fields": {
   "function": 2, 
   "panel": 14
  }
 }, 
 {
  "pk": 14, 
  "model": "redistricting.panelfunction", 
  "fields": {
   "function": 3, 
   "panel": 15
  }
 }, 
 {
  "pk": 15, 
  "model": "redistricting.panelfunction", 
  "fields": {
   "function": 4, 
   "panel": 16
  }
 }, 
 {
  "pk": 16, 
  "model": "redistricting.panelfunction", 
  "fields": {
   "function": 1, 
   "panel": 17
  }
 }, 
 {
  "pk": 17, 
  "model": "redistricting.panelfunction", 
  "fields": {
   "function": 2, 
   "panel": 18
  }
 }, 
 {
  "pk": 18, 
  "model": "redistricting.panelfunction", 
  "fields": {
   "function": 3, 
   "panel": 19
  }
 }, 
 {
  "pk": 19, 
  "model": "redistricting.panelfunction", 
  "fields": {
   "function": 4, 
   "panel": 20
  }
 }, 
 {
  "pk": 20, 
  "model": "redistricting.panelfunction", 
  "fields": {
   "function": 1, 
   "panel": 21
  }
 }, 
 {
  "pk": 21, 
  "model": "redistricting.panelfunction", 
  "fields": {
   "function": 2, 
   "panel": 22
  }
 }, 
 {
  "pk": 22, 
  "model": "redistricting.panelfunction", 
  "fields": {
   "function": 3, 
   "panel": 23
  }
 }, 
 {
  "pk": 23, 
  "model": "redistricting.panelfunction", 
  "fields": {
   "function": 4, 
   "panel": 24
  }
 }, 
 {
  "pk": 1, 
  "model": "redistricting.scorefunction", 
  "fields": {
   "calculator": "publicmapping.redistricting.calculators.Equivalence", 
   "description": "All districts must have nearly equal populations. The law does not require perfectly equal populations; however, the courts have said that districts must be as close in population as is practicable.", 
   "is_planscore": true, 
   "name": "Equipopulation", 
   "label": "Equal Population"
  }
 }, 
 {
  "pk": 2, 
  "model": "redistricting.scorefunction", 
  "fields": {
   "calculator": "publicmapping.redistricting.calculators.Schwartzberg", 
   "description": "Compactness is sometimes referred to as the \"look\" of a district, and assures that oddly-shaped districts are minimized. The geography of Virginia's state boundary is complex; nevertheless, teams should attempt to produce districts that look as compact as possible.", 
   "is_planscore": true, 
   "name": "Schwartzberg", 
   "label": "Average Compactness"
  }
 }, 
 {
  "pk": 3, 
  "model": "redistricting.scorefunction", 
  "fields": {
   "calculator": "publicmapping.redistricting.calculators.PartisanDifferential", 
   "description": "Democracy thrives when the marketplace of ideas is truly competitive. Competitiveness is increased when either major political party has the opportunity to win a particular district. Teams should seek to draw maps that contain as many districts as possible that are \"heavily\" or \"generally\" competitive.", 
   "is_planscore": true, 
   "name": "Competitiveness", 
   "label": "Competitiveness"
  }
 }, 
 {
  "pk": 4, 
  "model": "redistricting.scorefunction", 
  "fields": {
   "calculator": "publicmapping.redistricting.calculators.RepresentationalFairness", 
   "description": "The counterbalance to competitiveness is assuring that a final redistricting plan does not unfairly bias one party over another.", 
   "is_planscore": true, 
   "name": "Representational Fairness", 
   "label": "Representational Fairness"
  }
 }, 
 {
  "pk": 6, 
  "model": "redistricting.scorefunction", 
  "fields": {
   "calculator": "publicmapping.redistricting.calculators.CountDistricts", 
   "description": "The number of districts in a House of Delegates redistricting plan must be 100.", 
   "is_planscore": true, 
   "name": "Valid Count - State House", 
   "label": "District Count"
  }
 }, 
 {
  "pk": 5, 
  "model": "redistricting.scorefunction", 
  "fields": {
   "calculator": "publicmapping.redistricting.calculators.CountDistricts", 
   "description": "The number of districts in a Congressional redistricting plan must be 11.", 
   "is_planscore": true, 
   "name": "Valid Count - Congress", 
   "label": "District Count"
  }
 }, 
 {
  "pk": 7, 
  "model": "redistricting.scorefunction", 
  "fields": {
   "calculator": "publicmapping.redistricting.calculators.CountDistricts", 
   "description": "The number of districts in a State Senate redistricting plan must be 40.", 
   "is_planscore": true, 
   "name": "Valid Count - State Senate", 
   "label": "District Count"
  }
 }, 
 {
  "pk": 9, 
  "model": "redistricting.scorefunction", 
  "fields": {
   "calculator": "publicmapping.redistricting.calculators.Equipopulation", 
   "description": "The population of each House of Delegates district must be 80,010 +/- 5%", 
   "is_planscore": true, 
   "name": "Valid Population - State House", 
   "label": "Equal Population"
  }
 }, 
 {
  "pk": 8, 
  "model": "redistricting.scorefunction", 
  "fields": {
   "calculator": "publicmapping.redistricting.calculators.Equipopulation", 
   "description": "The population of each Congressional district must be 727,366 +/- 0.5%.", 
   "is_planscore": true, 
   "name": "Valid Population - Congress", 
   "label": "Equal Population"
  }
 }, 
 {
  "pk": 10, 
  "model": "redistricting.scorefunction", 
  "fields": {
   "calculator": "publicmapping.redistricting.calculators.Equipopulation", 
   "description": "The population of each State Senate district must be 200,026 +/- 5%", 
   "is_planscore": true, 
   "name": "Valid Population - State Senate", 
   "label": "Equal Population"
  }
 }, 
 {
  "pk": 11, 
  "model": "redistricting.scorefunction", 
  "fields": {
   "calculator": "publicmapping.redistricting.calculators.MajorityMinority", 
   "description": "Compliance with the Voting Rights Act will be assumed if maps include a minority-majority district in any area where a minority group is (as described in Thornburg V. Gingles, 478 U.S> 30, 49 (1986)) \"sufficiently large and geographically compact to constitute a majority in a single-member district\".", 
   "is_planscore": true, 
   "name": "Minority Majority", 
   "label": "Minority-Majority"
  }
 }, 
 {
  "pk": 12, 
  "model": "redistricting.scorefunction", 
  "fields": {
   "calculator": "publicmapping.redistricting.calculators.Contiguity", 
   "description": "Contiguity means that every part of a district must be reachable from every other part without crossing the district's borders. All districts within a plan must be contiguous. Water contiguity is permitted given Virginia's extensive coastal region. \"Point contiguity\" or \"touch-point contiguity\" where two sections of a district are connected at a single point is not permitted.", 
   "is_planscore": true, 
   "name": "Contiguous", 
   "label": "Contiguous"
  }
 }, 
 {
  "pk": 1, 
  "model": "redistricting.scoreargument", 
  "fields": {
   "function": 1, 
   "type": "subject", 
   "argument": "value", 
   "value": "poptot"
  }
 }, 
 {
  "pk": 2, 
  "model": "redistricting.scoreargument", 
  "fields": {
   "function": 3, 
   "type": "subject", 
   "argument": "democratic", 
   "value": "govdem"
  }
 }, 
 {
  "pk": 3, 
  "model": "redistricting.scoreargument", 
  "fields": {
   "function": 3, 
   "type": "subject", 
   "argument": "republican", 
   "value": "govrep"
  }
 }, 
 {
  "pk": 4, 
  "model": "redistricting.scoreargument", 
  "fields": {
   "function": 4, 
   "type": "subject", 
   "argument": "democratic", 
   "value": "govdem"
  }
 }, 
 {
  "pk": 5, 
  "model": "redistricting.scoreargument", 
  "fields": {
   "function": 4, 
   "type": "subject", 
   "argument": "republican", 
   "value": "govrep"
  }
 }, 
 {
  "pk": 6, 
  "model": "redistricting.scoreargument", 
  "fields": {
   "function": 5, 
   "type": "literal", 
   "argument": "target", 
   "value": "11"
  }
 }, 
 {
  "pk": 7, 
  "model": "redistricting.scoreargument", 
  "fields": {
   "function": 6, 
   "type": "literal", 
   "argument": "target", 
   "value": "100"
  }
 }, 
 {
  "pk": 8, 
  "model": "redistricting.scoreargument", 
  "fields": {
   "function": 7, 
   "type": "literal", 
   "argument": "target", 
   "value": "40"
  }
 }, 
 {
  "pk": 9, 
  "model": "redistricting.scoreargument", 
  "fields": {
   "function": 8, 
   "type": "subject", 
   "argument": "value", 
   "value": "totpop"
  }
 }, 
 {
  "pk": 12, 
  "model": "redistricting.scoreargument", 
  "fields": {
   "function": 9, 
   "type": "subject", 
   "argument": "value", 
   "value": "poptot"
  }
 }, 
 {
  "pk": 13, 
  "model": "redistricting.scoreargument", 
  "fields": {
   "function": 9, 
   "type": "literal", 
   "argument": "min", 
   "value": "76010"
  }
 }, 
 {
  "pk": 14, 
  "model": "redistricting.scoreargument", 
  "fields": {
   "function": 9, 
   "type": "literal", 
   "argument": "max", 
   "value": "84011"
  }
 }, 
 {
  "pk": 10, 
  "model": "redistricting.scoreargument", 
  "fields": {
   "function": 8, 
   "type": "literal", 
   "argument": "min", 
   "value": "723729"
  }
 }, 
 {
  "pk": 11, 
  "model": "redistricting.scoreargument", 
  "fields": {
   "function": 8, 
   "type": "literal", 
   "argument": "max", 
   "value": "731003"
  }
 }, 
 {
  "pk": 15, 
  "model": "redistricting.scoreargument", 
  "fields": {
   "function": 10, 
   "type": "subject", 
   "argument": "value", 
   "value": "poptot"
  }
 }, 
 {
  "pk": 16, 
  "model": "redistricting.scoreargument", 
  "fields": {
   "function": 10, 
   "type": "literal", 
   "argument": "min", 
   "value": "190025"
  }
 }, 
 {
  "pk": 17, 
  "model": "redistricting.scoreargument", 
  "fields": {
   "function": 10, 
   "type": "literal", 
   "argument": "max", 
   "value": "210027"
  }
 }, 
 {
  "pk": 18, 
  "model": "redistricting.scoreargument", 
  "fields": {
   "function": 11, 
   "type": "subject", 
   "argument": "population", 
   "value": "poptot"
  }
 }, 
 {
  "pk": 19, 
  "model": "redistricting.scoreargument", 
  "fields": {
   "function": 11, 
   "type": "subject", 
   "argument": "minority1", 
   "value": "pophisp"
  }
 }, 
 {
  "pk": 20, 
  "model": "redistricting.scoreargument", 
  "fields": {
   "function": 11, 
   "type": "subject", 
   "argument": "minority2", 
   "value": "popblk"
  }
 }, 
 {
  "pk": 21, 
  "model": "redistricting.scoreargument", 
  "fields": {
   "function": 11, 
   "type": "subject", 
   "argument": "minority3", 
   "value": "popasn"
  }
 }, 
 {
  "pk": 22, 
  "model": "redistricting.scoreargument", 
  "fields": {
   "function": 11, 
   "type": "subject", 
   "argument": "minority4", 
   "value": "popnam"
  }
 }, 
 {
  "pk": 23, 
  "model": "redistricting.scoreargument", 
  "fields": {
   "function": 11, 
   "type": "subject", 
   "argument": "minority5", 
   "value": "poppild"
  }
 }, 
 {
  "pk": 3, 
  "model": "redistricting.validationcriteria", 
  "fields": {
   "function": 10, 
   "legislative_body": 3, 
   "name": "Equipopulation - State Senate", 
   "description": ""
  }
 }, 
 {
  "pk": 2, 
  "model": "redistricting.validationcriteria", 
  "fields": {
   "function": 9, 
   "legislative_body": 2, 
   "name": "Equipopulation - State House", 
   "description": ""
  }
 }, 
 {
  "pk": 1, 
  "model": "redistricting.validationcriteria", 
  "fields": {
   "function": 8, 
   "legislative_body": 1, 
   "name": "Equipopulation - Congress", 
   "description": ""
  }
 }, 
 {
  "pk": 4, 
  "model": "redistricting.validationcriteria", 
  "fields": {
   "function": 12, 
   "legislative_body": 1, 
   "name": "Contiguity - Congress", 
   "description": ""
  }
 }, 
 {
  "pk": 5, 
  "model": "redistricting.validationcriteria", 
  "fields": {
   "function": 12, 
   "legislative_body": 2, 
   "name": "Contiguity - State House", 
   "description": ""
  }
 }, 
 {
  "pk": 6, 
  "model": "redistricting.validationcriteria", 
  "fields": {
   "function": 12, 
   "legislative_body": 3, 
   "name": "Contiguity - State Senate", 
   "description": ""
  }
 }, 
 {
  "pk": 7, 
  "model": "redistricting.validationcriteria", 
  "fields": {
   "function": 11, 
   "legislative_body": 1, 
   "name": "Minority Majority - Congress", 
   "description": ""
  }
 }, 
 {
  "pk": 8, 
  "model": "redistricting.validationcriteria", 
  "fields": {
   "function": 11, 
   "legislative_body": 2, 
   "name": "Minority Majority - State House", 
   "description": ""
  }
 }, 
 {
  "pk": 9, 
  "model": "redistricting.validationcriteria", 
  "fields": {
   "function": 11, 
   "legislative_body": 3, 
   "name": "Minority Majority - State Senate", 
   "description": ""
  }
 }, 
 {
  "pk": 10, 
  "model": "redistricting.validationcriteria", 
  "fields": {
   "function": 5, 
   "legislative_body": 1, 
   "name": "District Count - Congress", 
   "description": ""
  }
 }, 
 {
  "pk": 11, 
  "model": "redistricting.validationcriteria", 
  "fields": {
   "function": 6, 
   "legislative_body": 2, 
   "name": "District Count - State House", 
   "description": ""
  }
 }, 
 {
  "pk": 12, 
  "model": "redistricting.validationcriteria", 
  "fields": {
   "function": 7, 
   "legislative_body": 3, 
   "name": "District Count - State Senate", 
   "description": ""
  }
 }
]