[
 {
  "pk": 1, 
  "model": "sites.site", 
  "fields": {
   "domain": "example.com", 
   "name": "example.com"
  }
 }, 
 {
  "pk": 1, 
  "model": "redistricting.subject", 
  "fields": {
   "description": "TestSubject", 
   "sort_key": 1, 
   "format_string": "%0.2f", 
   "name": "TestSubject", 
   "is_displayed": true, 
   "short_display": "TestSubject", 
   "display": "TestSubject", 
   "percentage_denominator": null
  }
 }, 
 {
  "pk": 2, 
  "model": "redistricting.subject", 
  "fields": {
   "description": "TestSubject2", 
   "sort_key": 2, 
   "format_string": "%0.2f", 
   "name": "TestSubject2", 
   "is_displayed": true, 
   "short_display": "TestSubject2", 
   "display": "TestSubject2", 
   "percentage_denominator": null
  }
 }, 
 {
  "pk": 1, 
  "model": "redistricting.legislativebody", 
  "fields": {
   "member": "TestMember %d", 
   "name": "TestLegislativeBody", 
   "max_districts": 20
  }
 }, 
 {
  "pk": 1, 
  "model": "redistricting.geolevel", 
  "fields": {
   "sort_key": 1, 
   "min_zoom": 0, 
   "tolerance": 10.0, 
   "name": "first level"
  }
 }, 
 {
  "pk": 2, 
  "model": "redistricting.geolevel", 
  "fields": {
   "sort_key": 1, 
   "min_zoom": 0, 
   "tolerance": 10.0, 
   "name": "second level"
  }
 }, 
 {
  "pk": 3, 
  "model": "redistricting.geolevel", 
  "fields": {
   "sort_key": 1, 
   "min_zoom": 0, 
   "tolerance": 10.0, 
   "name": "third level"
  }
 }, 
 {
  "pk": 1, 
  "model": "redistricting.legislativedefault", 
  "fields": {
   "legislative_body": 1, 
   "target": 1
  }
 }, 
 {
  "pk": 1, 
  "model": "redistricting.legislativelevel", 
  "fields": {
   "legislative_body": 1, 
   "target": 1, 
   "parent": null, 
   "geolevel": 3
  }
 }, 
 {
  "pk": 2, 
  "model": "redistricting.legislativelevel", 
  "fields": {
   "legislative_body": 1, 
   "target": 1, 
   "parent": 1, 
   "geolevel": 2
  }
 }, 
 {
  "pk": 3, 
  "model": "redistricting.legislativelevel", 
  "fields": {
   "legislative_body": 1, 
   "target": 1, 
   "parent": 2, 
   "geolevel": 1
  }
 }, 
 {
  "pk": 1, 
  "model": "redistricting.geounit", 
  "fields": {
   "name": "Unit 1-0", 
   "simple": "MULTIPOLYGON (((0.0000000000000000 0.0000000000000000, 0.3333333333333333 0.0000000000000000, 0.3333333333333333 0.3333333333333333, 0.0000000000000000 0.3333333333333333, 0.0000000000000000 0.0000000000000000)))", 
   "center": "POINT (0.1666666666666667 0.1666666666666667)", 
   "portable_id": "0000000", 
   "geolevel": 1, 
   "geom": "MULTIPOLYGON (((0.0000000000000000 0.0000000000000000, 0.3333333333333333 0.0000000000000000, 0.3333333333333333 0.3333333333333333, 0.0000000000000000 0.3333333333333333, 0.0000000000000000 0.0000000000000000)))", 
   "child": null, 
   "tree_code": "0000000"
  }
 }, 
 {
  "pk": 2, 
  "model": "redistricting.geounit", 
  "fields": {
   "name": "Unit 1-1", 
   "simple": "MULTIPOLYGON (((0.3333333333333333 0.0000000000000000, 0.6666666666666666 0.0000000000000000, 0.6666666666666666 0.3333333333333333, 0.3333333333333333 0.3333333333333333, 0.3333333333333333 0.0000000000000000)))", 
   "center": "POINT (0.4999999999999999 0.1666666666666667)", 
   "portable_id": "0000001", 
   "geolevel": 1, 
   "geom": "MULTIPOLYGON (((0.3333333333333333 0.0000000000000000, 0.6666666666666666 0.0000000000000000, 0.6666666666666666 0.3333333333333333, 0.3333333333333333 0.3333333333333333, 0.3333333333333333 0.0000000000000000)))", 
   "child": null, 
   "tree_code": "0000001"
  }
 }, 
 {
  "pk": 3, 
  "model": "redistricting.geounit", 
  "fields": {
   "name": "Unit 1-2", 
   "simple": "MULTIPOLYGON (((0.6666666666666666 0.0000000000000000, 1.0000000000000000 0.0000000000000000, 1.0000000000000000 0.3333333333333333, 0.6666666666666666 0.3333333333333333, 0.6666666666666666 0.0000000000000000)))", 
   "center": "POINT (0.8333333333333334 0.1666666666666667)", 
   "portable_id": "0000002", 
   "geolevel": 1, 
   "geom": "MULTIPOLYGON (((0.6666666666666666 0.0000000000000000, 1.0000000000000000 0.0000000000000000, 1.0000000000000000 0.3333333333333333, 0.6666666666666666 0.3333333333333333, 0.6666666666666666 0.0000000000000000)))", 
   "child": null, 
   "tree_code": "0000002"
  }
 }, 
 {
  "pk": 4, 
  "model": "redistricting.geounit", 
  "fields": {
   "name": "Unit 1-3", 
   "simple": "MULTIPOLYGON (((0.0000000000000000 0.3333333333333333, 0.3333333333333333 0.3333333333333333, 0.3333333333333333 0.6666666666666666, 0.0000000000000000 0.6666666666666666, 0.0000000000000000 0.3333333333333333)))", 
   "center": "POINT (0.1666666666666667 0.4999999999999999)", 
   "portable_id": "0000003", 
   "geolevel": 1, 
   "geom": "MULTIPOLYGON (((0.0000000000000000 0.3333333333333333, 0.3333333333333333 0.3333333333333333, 0.3333333333333333 0.6666666666666666, 0.0000000000000000 0.6666666666666666, 0.0000000000000000 0.3333333333333333)))", 
   "child": null, 
   "tree_code": "0000003"
  }
 }, 
 {
  "pk": 5, 
  "model": "redistricting.geounit", 
  "fields": {
   "name": "Unit 1-4", 
   "simple": "MULTIPOLYGON (((0.3333333333333333 0.3333333333333333, 0.6666666666666666 0.3333333333333333, 0.6666666666666666 0.6666666666666666, 0.3333333333333333 0.6666666666666666, 0.3333333333333333 0.3333333333333333)))", 
   "center": "POINT (0.4999999999999999 0.4999999999999999)", 
   "portable_id": "0000004", 
   "geolevel": 1, 
   "geom": "MULTIPOLYGON (((0.3333333333333333 0.3333333333333333, 0.6666666666666666 0.3333333333333333, 0.6666666666666666 0.6666666666666666, 0.3333333333333333 0.6666666666666666, 0.3333333333333333 0.3333333333333333)))", 
   "child": null, 
   "tree_code": "0000004"
  }
 }, 
 {
  "pk": 6, 
  "model": "redistricting.geounit", 
  "fields": {
   "name": "Unit 1-5", 
   "simple": "MULTIPOLYGON (((0.6666666666666666 0.3333333333333333, 1.0000000000000000 0.3333333333333333, 1.0000000000000000 0.6666666666666666, 0.6666666666666666 0.6666666666666666, 0.6666666666666666 0.3333333333333333)))", 
   "center": "POINT (0.8333333333333334 0.4999999999999999)", 
   "portable_id": "0000005", 
   "geolevel": 1, 
   "geom": "MULTIPOLYGON (((0.6666666666666666 0.3333333333333333, 1.0000000000000000 0.3333333333333333, 1.0000000000000000 0.6666666666666666, 0.6666666666666666 0.6666666666666666, 0.6666666666666666 0.3333333333333333)))", 
   "child": null, 
   "tree_code": "0000005"
  }
 }, 
 {
  "pk": 7, 
  "model": "redistricting.geounit", 
  "fields": {
   "name": "Unit 1-6", 
   "simple": "MULTIPOLYGON (((0.0000000000000000 0.6666666666666666, 0.3333333333333333 0.6666666666666666, 0.3333333333333333 1.0000000000000000, 0.0000000000000000 1.0000000000000000, 0.0000000000000000 0.6666666666666666)))", 
   "center": "POINT (0.1666666666666667 0.8333333333333334)", 
   "portable_id": "0000006", 
   "geolevel": 1, 
   "geom": "MULTIPOLYGON (((0.0000000000000000 0.6666666666666666, 0.3333333333333333 0.6666666666666666, 0.3333333333333333 1.0000000000000000, 0.0000000000000000 1.0000000000000000, 0.0000000000000000 0.6666666666666666)))", 
   "child": null, 
   "tree_code": "0000006"
  }
 }, 
 {
  "pk": 8, 
  "model": "redistricting.geounit", 
  "fields": {
   "name": "Unit 1-7", 
   "simple": "MULTIPOLYGON (((0.3333333333333333 0.6666666666666666, 0.6666666666666666 0.6666666666666666, 0.6666666666666666 1.0000000000000000, 0.3333333333333333 1.0000000000000000, 0.3333333333333333 0.6666666666666666)))", 
   "center": "POINT (0.4999999999999999 0.8333333333333334)", 
   "portable_id": "0000007", 
   "geolevel": 1, 
   "geom": "MULTIPOLYGON (((0.3333333333333333 0.6666666666666666, 0.6666666666666666 0.6666666666666666, 0.6666666666666666 1.0000000000000000, 0.3333333333333333 1.0000000000000000, 0.3333333333333333 0.6666666666666666)))", 
   "child": null, 
   "tree_code": "0000007"
  }
 }, 
 {
  "pk": 9, 
  "model": "redistricting.geounit", 
  "fields": {
   "name": "Unit 1-8", 
   "simple": "MULTIPOLYGON (((0.6666666666666666 0.6666666666666666, 1.0000000000000000 0.6666666666666666, 1.0000000000000000 1.0000000000000000, 0.6666666666666666 1.0000000000000000, 0.6666666666666666 0.6666666666666666)))", 
   "center": "POINT (0.8333333333333333 0.8333333333333333)", 
   "portable_id": "0000008", 
   "geolevel": 1, 
   "geom": "MULTIPOLYGON (((0.6666666666666666 0.6666666666666666, 1.0000000000000000 0.6666666666666666, 1.0000000000000000 1.0000000000000000, 0.6666666666666666 1.0000000000000000, 0.6666666666666666 0.6666666666666666)))", 
   "child": null, 
   "tree_code": "0000008"
  }
 }, 
 {
  "pk": 1, 
  "model": "redistricting.characteristic", 
  "fields": {
   "geounit": 1, 
   "percentage": null, 
   "number": "0.0000", 
   "subject": 1
  }
 }, 
 {
  "pk": 2, 
  "model": "redistricting.characteristic", 
  "fields": {
   "geounit": 2, 
   "percentage": null, 
   "number": "1.0000", 
   "subject": 1
  }
 }, 
 {
  "pk": 3, 
  "model": "redistricting.characteristic", 
  "fields": {
   "geounit": 3, 
   "percentage": null, 
   "number": "2.0000", 
   "subject": 1
  }
 }, 
 {
  "pk": 4, 
  "model": "redistricting.characteristic", 
  "fields": {
   "geounit": 4, 
   "percentage": null, 
   "number": "0.0000", 
   "subject": 1
  }
 }, 
 {
  "pk": 5, 
  "model": "redistricting.characteristic", 
  "fields": {
   "geounit": 5, 
   "percentage": null, 
   "number": "1.0000", 
   "subject": 1
  }
 }, 
 {
  "pk": 6, 
  "model": "redistricting.characteristic", 
  "fields": {
   "geounit": 6, 
   "percentage": null, 
   "number": "2.0000", 
   "subject": 1
  }
 }, 
 {
  "pk": 7, 
  "model": "redistricting.characteristic", 
  "fields": {
   "geounit": 7, 
   "percentage": null, 
   "number": "0.0000", 
   "subject": 1
  }
 }, 
 {
  "pk": 8, 
  "model": "redistricting.characteristic", 
  "fields": {
   "geounit": 8, 
   "percentage": null, 
   "number": "1.0000", 
   "subject": 1
  }
 }, 
 {
  "pk": 9, 
  "model": "redistricting.characteristic", 
  "fields": {
   "geounit": 9, 
   "percentage": null, 
   "number": "2.0000", 
   "subject": 1
  }
 }, 
 {
  "pk": 820, 
  "model": "redistricting.characteristic", 
  "fields": {
   "geounit": 1, 
   "percentage": null, 
   "number": "26.0000", 
   "subject": 2
  }
 }, 
 {
  "pk": 821, 
  "model": "redistricting.characteristic", 
  "fields": {
   "geounit": 2, 
   "percentage": null, 
   "number": "25.0000", 
   "subject": 2
  }
 }, 
 {
  "pk": 822, 
  "model": "redistricting.characteristic", 
  "fields": {
   "geounit": 3, 
   "percentage": null, 
   "number": "24.0000", 
   "subject": 2
  }
 }, 
 {
  "pk": 823, 
  "model": "redistricting.characteristic", 
  "fields": {
   "geounit": 4, 
   "percentage": null, 
   "number": "26.0000", 
   "subject": 2
  }
 }, 
 {
  "pk": 824, 
  "model": "redistricting.characteristic", 
  "fields": {
   "geounit": 5, 
   "percentage": null, 
   "number": "25.0000", 
   "subject": 2
  }
 }, 
 {
  "pk": 825, 
  "model": "redistricting.characteristic", 
  "fields": {
   "geounit": 6, 
   "percentage": null, 
   "number": "24.0000", 
   "subject": 2
  }
 }, 
 {
  "pk": 826, 
  "model": "redistricting.characteristic", 
  "fields": {
   "geounit": 7, 
   "percentage": null, 
   "number": "26.0000", 
   "subject": 2
  }
 }, 
 {
  "pk": 827, 
  "model": "redistricting.characteristic", 
  "fields": {
   "geounit": 8, 
   "percentage": null, 
   "number": "25.0000", 
   "subject": 2
  }
 }, 
 {
  "pk": 828, 
  "model": "redistricting.characteristic", 
  "fields": {
   "geounit": 9, 
   "percentage": null, 
   "number": "24.0000", 
   "subject": 2
  }
 }, 
 {
  "pk": 1, 
  "model": "redistricting.target", 
  "fields": {
   "range2": "5.0000", 
   "range1": "1.0000", 
   "value": "3.0000", 
   "subject": 1
  }
 }, 
 {
  "pk": 2, 
  "model": "redistricting.target", 
  "fields": {
   "range2": "0.2000", 
   "range1": "0.1000", 
   "value": "5.0000", 
   "subject": 2
  }
 }, 
 {
  "pk": 1, 
  "model": "redistricting.plan", 
  "fields": {
   "edited": "2011-03-05 22:08:27", 
   "is_shared": false, 
   "created": "2011-03-02 12:41:31", 
   "description": "", 
   "is_template": false, 
   "is_valid": false, 
   "version": 0, 
   "owner": 1, 
   "legislative_body": 1, 
   "min_version": 0, 
   "is_pending": false, 
   "name": "testPlan"
  }
 }, 
 {
  "pk": 2, 
  "model": "redistricting.plan", 
  "fields": {
   "edited": "2011-03-05 22:08:27", 
   "is_shared": false, 
   "created": "2011-03-03 21:11:26", 
   "description": "", 
   "is_template": false, 
   "is_valid": false, 
   "version": 0, 
   "owner": 1, 
   "legislative_body": 1, 
   "min_version": 0, 
   "is_pending": false, 
   "name": "testPlan2"
  }
 }, 
 {
  "pk": 2, 
  "model": "redistricting.district", 
  "fields": {
   "name": "District 1", 
   "simple": "GEOMETRYCOLLECTION (POINT (0.0000000000000000 0.0000000000000000), POINT (0.0000000000000000 0.0000000000000000), MULTIPOLYGON EMPTY, MULTIPOLYGON EMPTY, MULTIPOLYGON EMPTY)", 
   "district_id": 1, 
   "is_locked": false, 
   "version": 0, 
   "geom": "MULTIPOLYGON EMPTY",  
   "plan": 1
  }
 }, 
 {
  "pk": 5, 
  "model": "redistricting.district", 
  "fields": {
   "name": "District 1", 
   "simple": "GEOMETRYCOLLECTION (POINT (0.0000000000000000 0.0000000000000000), POINT (0.0000000000000000 0.0000000000000000), MULTIPOLYGON EMPTY, MULTIPOLYGON EMPTY, MULTIPOLYGON EMPTY)", 
   "district_id": 1, 
   "is_locked": false, 
   "version": 0, 
   "geom": "MULTIPOLYGON EMPTY", 
   "plan": 2
  }
 }, 
 {
  "pk": 3, 
  "model": "redistricting.district", 
  "fields": {
   "name": "District 2", 
   "simple": "GEOMETRYCOLLECTION (POINT (0.0000000000000000 0.0000000000000000), POINT (0.0000000000000000 0.0000000000000000), MULTIPOLYGON EMPTY, MULTIPOLYGON EMPTY, MULTIPOLYGON EMPTY)", 
   "district_id": 2, 
   "is_locked": false, 
   "version": 0, 
   "geom": "MULTIPOLYGON EMPTY",
   "plan": 1
  }
 }, 
 {
  "pk": 6, 
  "model": "redistricting.district", 
  "fields": {
   "name": "District 2", 
   "simple": "GEOMETRYCOLLECTION (POINT (0.0000000000000000 0.0000000000000000), POINT (0.0000000000000000 0.0000000000000000), MULTIPOLYGON EMPTY, MULTIPOLYGON EMPTY, MULTIPOLYGON EMPTY)", 
   "district_id": 2, 
   "is_locked": false, 
   "version": 0, 
   "geom": "MULTIPOLYGON EMPTY", 
   "plan": 2
  }
 }, 
 {
  "pk": 1, 
  "model": "auth.user", 
  "fields": {
   "username": "test_user", 
   "first_name": "", 
   "last_name": "", 
   "is_active": true, 
   "is_superuser": true, 
   "is_staff": true, 
   "last_login": "2011-03-03 19:31:10", 
   "groups": [], 
   "user_permissions": [], 
   "password": "sha1$55d95$8d6ad9466271e588d9fc6bfce3212e5a66a62ba6", 
   "email": "", 
   "date_joined": "2011-03-02 12:41:31"
  }
 }
]
