[
 {
  "pk": 1, 
  "model": "redistricting.scoredisplay", 
  "fields": {
   "legislative_body": 1, 
   "cssclass": "congress_leaderboard", 
   "is_page": true, 
   "title": "Congressional Leaderboard - All",
   "name": ""
  }
 }, 
 {
  "pk": 2, 
  "model": "redistricting.scoredisplay", 
  "fields": {
   "legislative_body": 1, 
   "cssclass": "congress_leaderboard", 
   "is_page": true, 
   "title": "Congressional Leaderboard - Mine",
   "name": ""
  }
 }, 
 {
  "pk": 3, 
  "model": "redistricting.scoredisplay", 
  "fields": {
   "legislative_body": 2, 
   "cssclass": "statehouse_leaderboard", 
   "is_page": true, 
   "title": "State House Leaderboard - All",
   "name": ""
  }
 }, 
 {
  "pk": 4, 
  "model": "redistricting.scoredisplay", 
  "fields": {
   "legislative_body": 2, 
   "cssclass": "statehouse_leaderboard", 
   "is_page": true, 
   "title": "State House Leaderboard - Mine",
   "name": ""
  }
 }, 
 {
  "pk": 5, 
  "model": "redistricting.scoredisplay", 
  "fields": {
   "legislative_body": 3, 
   "cssclass": "statesenate_leaderboard", 
   "is_page": true, 
   "title": "State Senate Leaderboard - All",
   "name": ""
  }
 }, 
 {
  "pk": 6, 
  "model": "redistricting.scoredisplay", 
  "fields": {
   "legislative_body": 3, 
   "cssclass": "statesenate_leaderboard", 
   "is_page": true, 
   "title": "State Senate Leaderboard - Mine",
   "name": ""
  }
 }, 
 {
  "pk": 8, 
  "model": "redistricting.scorepanel", 
  "fields": {
   "title": "Representational Fairness", 
   "is_ascending": true, 
   "template": "leaderboard_panel_mine.html", 
   "position": 4, 
   "cssclass": "repfairness", 
   "type": "plan",
   "name": ""
  }
 }, 
 {
  "pk": 1, 
  "model": "redistricting.scorepanel", 
  "fields": {
   "title": "Equipopulation", 
   "is_ascending": true, 
   "template": "leaderboard_panel_all.html", 
   "position": 1, 
   "cssclass": "equipop", 
   "type": "plan",
   "name": ""
  }
 }, 
 {
  "pk": 5, 
  "model": "redistricting.scorepanel", 
  "fields": {
   "title": "Equipopulation", 
   "is_ascending": true, 
   "template": "leaderboard_panel_mine.html", 
   "position": 1, 
   "cssclass": "equipop", 
   "type": "plan",
   "name": ""
  }
 }, 
 {
  "pk": 2, 
  "model": "redistricting.scorepanel", 
  "fields": {
   "title": "Average Compactness", 
   "is_ascending": false, 
   "template": "leaderboard_panel_all.html", 
   "position": 2, 
   "cssclass": "avgcompact", 
   "type": "plan",
   "name": ""
  }
 }, 
 {
  "pk": 6, 
  "model": "redistricting.scorepanel", 
  "fields": {
   "title": "Average Compactness", 
   "is_ascending": false, 
   "template": "leaderboard_panel_mine.html", 
   "position": 2, 
   "cssclass": "avgcompact", 
   "type": "plan",
   "name": ""
  }
 }, 
 {
  "pk": 3, 
  "model": "redistricting.scorepanel", 
  "fields": {
   "title": "Competitiveness", 
   "is_ascending": true, 
   "template": "leaderboard_panel_all.html", 
   "position": 3, 
   "cssclass": "competitiveness", 
   "type": "plan",
   "name": ""
  }
 }, 
 {
  "pk": 7, 
  "model": "redistricting.scorepanel", 
  "fields": {
   "title": "Competitiveness", 
   "is_ascending": true, 
   "template": "leaderboard_panel_mine.html", 
   "position": 3, 
   "cssclass": "competitiveness", 
   "type": "plan",
   "name": ""
  }
 }, 
 {
  "pk": 4, 
  "model": "redistricting.scorepanel", 
  "fields": {
   "title": "Representational Fairness", 
   "is_ascending": true, 
   "template": "leaderboard_panel_all.html", 
   "position": 4, 
   "cssclass": "repfairness", 
   "type": "plan",
   "name": ""
  }
 }, 
 {
  "pk": 9, 
  "model": "redistricting.scorepanel", 
  "fields": {
   "title": "Equipopulation", 
   "is_ascending": true, 
   "template": "leaderboard_panel_all.html", 
   "position": 1, 
   "cssclass": "equipop", 
   "type": "plan",
   "name": ""
  }
 }, 
 {
  "pk": 10, 
  "model": "redistricting.scorepanel", 
  "fields": {
   "title": "Average Compactness", 
   "is_ascending": false, 
   "template": "leaderboard_panel_all.html", 
   "position": 2, 
   "cssclass": "avgcompact", 
   "type": "plan",
   "name": ""
  }
 }, 
 {
  "pk": 11, 
  "model": "redistricting.scorepanel", 
  "fields": {
   "title": "Competitiveness", 
   "is_ascending": true, 
   "template": "leaderboard_panel_all.html", 
   "position": 3, 
   "cssclass": "competitiveness", 
   "type": "plan",
   "name": ""
  }
 }, 
 {
  "pk": 12, 
  "model": "redistricting.scorepanel", 
  "fields": {
   "title": "Representational Fairness", 
   "is_ascending": true, 
   "template": "leaderboard_panel_all.html", 
   "position": 4, 
   "cssclass": "repfairness", 
   "type": "plan",
   "name": ""
  }
 }, 
 {
  "pk": 13, 
  "model": "redistricting.scorepanel", 
  "fields": {
   "title": "Equipopulation", 
   "is_ascending": true, 
   "template": "leaderboard_panel_mine.html", 
   "position": 1, 
   "cssclass": "equipop", 
   "type": "plan",
   "name": ""
  }
 }, 
 {
  "pk": 14, 
  "model": "redistricting.scorepanel", 
  "fields": {
   "title": "Average Compactness", 
   "is_ascending": false, 
   "template": "leaderboard_panel_mine.html", 
   "position": 2, 
   "cssclass": "avgcompact", 
   "type": "plan",
   "name": ""
  }
 }, 
 {
  "pk": 15, 
  "model": "redistricting.scorepanel", 
  "fields": {
   "title": "Competitiveness", 
   "is_ascending": true, 
   "template": "leaderboard_panel_mine.html", 
   "position": 3, 
   "cssclass": "competitiveness", 
   "type": "plan",
   "name": ""
  }
 }, 
 {
  "pk": 16, 
  "model": "redistricting.scorepanel", 
  "fields": {
   "title": "Representational Fairness", 
   "is_ascending": true, 
   "template": "leaderboard_panel_mine.html", 
   "position": 4, 
   "cssclass": "repfairness", 
   "type": "plan",
   "name": ""
  }
 }, 
 {
  "pk": 17, 
  "model": "redistricting.scorepanel", 
  "fields": {
   "title": "Equipopulation", 
   "is_ascending": true, 
   "template": "leaderboard_panel_all.html", 
   "position": 1, 
   "cssclass": "equipop", 
   "type": "plan",
   "name": ""
  }
 }, 
 {
  "pk": 18, 
  "model": "redistricting.scorepanel", 
  "fields": {
   "title": "Average Compactness", 
   "is_ascending": false, 
   "template": "leaderboard_panel_all.html", 
   "position": 2, 
   "cssclass": "avgcompact", 
   "type": "plan",
   "name": ""
  }
 }, 
 {
  "pk": 19, 
  "model": "redistricting.scorepanel", 
  "fields": {
   "title": "Competitiveness", 
   "is_ascending": true, 
   "template": "leaderboard_panel_all.html", 
   "position": 3, 
   "cssclass": "competitiveness", 
   "type": "plan",
   "name": ""
  }
 }, 
 {
  "pk": 20, 
  "model": "redistricting.scorepanel", 
  "fields": {
   "title": "Representational Fairness", 
   "is_ascending": true, 
   "template": "leaderboard_panel_all.html", 
   "position": 4, 
   "cssclass": "repfairness", 
   "type": "plan",
   "name": ""
  }
 }, 
 {
  "pk": 21, 
  "model": "redistricting.scorepanel", 
  "fields": {
   "title": "Equipopulation", 
   "is_ascending": true, 
   "template": "leaderboard_panel_mine.html", 
   "position": 1, 
   "cssclass": "equipop", 
   "type": "plan",
   "name": ""
  }
 }, 
 {
  "pk": 22, 
  "model": "redistricting.scorepanel", 
  "fields": {
   "title": "Average Compactness", 
   "is_ascending": false, 
   "template": "leaderboard_panel_mine.html", 
   "position": 2, 
   "cssclass": "avgcompact", 
   "type": "plan",
   "name": ""
  }
 }, 
 {
  "pk": 23, 
  "model": "redistricting.scorepanel", 
  "fields": {
   "title": "Competitiveness", 
   "is_ascending": true, 
   "template": "leaderboard_panel_mine.html", 
   "position": 3, 
   "cssclass": "competitiveness", 
   "type": "plan",
   "name": ""
  }
 }, 
 {
  "pk": 24, 
  "model": "redistricting.scorepanel", 
  "fields": {
   "title": "Representational Fairness", 
   "is_ascending": true, 
   "template": "leaderboard_panel_mine.html", 
   "position": 4, 
   "cssclass": "repfairness", 
   "type": "plan",
   "name": ""
  }
 }, 
 {
  "pk": 1, 
  "model": "redistricting.scorefunction", 
  "fields": {
   "calculator": "redistricting.calculators.Equivalence", 
   "is_planscore": true, 
   "name": "Equipopulation"
  }
 }, 
 {
  "pk": 2, 
  "model": "redistricting.scorefunction", 
  "fields": {
   "calculator": "redistricting.calculators.Schwartzberg", 
   "is_planscore": true, 
   "name": "Schwartzberg"
  }
 }, 
 {
  "pk": 3, 
  "model": "redistricting.scorefunction", 
  "fields": {
   "calculator": "redistricting.calculators.PartisanDifferential", 
   "is_planscore": true, 
   "name": "Competitiveness"
  }
 }, 
 {
  "pk": 4, 
  "model": "redistricting.scorefunction", 
  "fields": {
   "calculator": "redistricting.calculators.RepresentationalFairness", 
   "is_planscore": true, 
   "name": "Representational Fairness"
  }
 }, 
 {
  "pk": 6, 
  "model": "redistricting.scorefunction", 
  "fields": {
   "calculator": "redistricting.calculators.CountDistricts", 
   "is_planscore": true, 
   "name": "Valid Count - State House"
  }
 }, 
 {
  "pk": 5, 
  "model": "redistricting.scorefunction", 
  "fields": {
   "calculator": "redistricting.calculators.CountDistricts", 
   "is_planscore": true, 
   "name": "Valid Count - Congress"
  }
 }, 
 {
  "pk": 7, 
  "model": "redistricting.scorefunction", 
  "fields": {
   "calculator": "redistricting.calculators.CountDistricts", 
   "is_planscore": true, 
   "name": "Valid Count - State Senate" 
  }
 }, 
 {
  "pk": 9, 
  "model": "redistricting.scorefunction", 
  "fields": {
   "calculator": "redistricting.calculators.Equipopulation", 
   "is_planscore": true, 
   "name": "Valid Population - State House" 
  }
 }, 
 {
  "pk": 8, 
  "model": "redistricting.scorefunction", 
  "fields": {
   "calculator": "redistricting.calculators.Equipopulation", 
   "is_planscore": true, 
   "name": "Valid Population - Congress" 
  }
 }, 
 {
  "pk": 10, 
  "model": "redistricting.scorefunction", 
  "fields": {
   "calculator": "redistricting.calculators.Equipopulation", 
   "is_planscore": true, 
   "name": "Valid Population - State Senate" 
  }
 }, 
 {
  "pk": 11, 
  "model": "redistricting.scorefunction", 
  "fields": {
   "calculator": "redistricting.calculators.MajorityMinority", 
   "is_planscore": true, 
   "name": "Minority Majority" 
  }
 }, 
 {
  "pk": 12, 
  "model": "redistricting.scorefunction", 
  "fields": {
   "calculator": "redistricting.calculators.Contiguity", 
   "is_planscore": true, 
   "name": "Contiguous" 
  }
 }, 
 {
  "pk": 13, 
  "model": "redistricting.scorefunction", 
  "fields": {
   "calculator": "redistricting.calculators.AllBlocksAssigned", 
   "is_planscore": true, 
   "name": "All Blocks Assigned - State House" 
  }
 }, 
 {
  "pk": 14, 
  "model": "redistricting.scorefunction", 
  "fields": {
   "calculator": "redistricting.calculators.AllBlocksAssigned", 
   "is_planscore": true, 
   "name": "All Blocks Assigned  - Congress" 
  }
 }, 
 {
  "pk": 15, 
  "model": "redistricting.scorefunction", 
  "fields": {
   "calculator": "redistricting.calculators.AllBlocksAssigned", 
   "is_planscore": true, 
   "name": "All Blocks Assigned  - State Senate" 
  }
 }, 
 {
  "pk": 1, 
  "model": "redistricting.scoreargument", 
  "fields": {
   "function": 1, 
   "type": "subject", 
   "argument": "value", 
   "value": "poptot"
  }
 }, 
 {
  "pk": 2, 
  "model": "redistricting.scoreargument", 
  "fields": {
   "function": 3, 
   "type": "subject", 
   "argument": "democratic", 
   "value": "govdem"
  }
 }, 
 {
  "pk": 3, 
  "model": "redistricting.scoreargument", 
  "fields": {
   "function": 3, 
   "type": "subject", 
   "argument": "republican", 
   "value": "govrep"
  }
 }, 
 {
  "pk": 4, 
  "model": "redistricting.scoreargument", 
  "fields": {
   "function": 4, 
   "type": "subject", 
   "argument": "democratic", 
   "value": "govdem"
  }
 }, 
 {
  "pk": 5, 
  "model": "redistricting.scoreargument", 
  "fields": {
   "function": 4, 
   "type": "subject", 
   "argument": "republican", 
   "value": "govrep"
  }
 }, 
 {
  "pk": 6, 
  "model": "redistricting.scoreargument", 
  "fields": {
   "function": 5, 
   "type": "literal", 
   "argument": "target", 
   "value": "11"
  }
 }, 
 {
  "pk": 7, 
  "model": "redistricting.scoreargument", 
  "fields": {
   "function": 6, 
   "type": "literal", 
   "argument": "target", 
   "value": "100"
  }
 }, 
 {
  "pk": 8, 
  "model": "redistricting.scoreargument", 
  "fields": {
   "function": 7, 
   "type": "literal", 
   "argument": "target", 
   "value": "40"
  }
 }, 
 {
  "pk": 9, 
  "model": "redistricting.scoreargument", 
  "fields": {
   "function": 8, 
   "type": "subject", 
   "argument": "value", 
   "value": "poptot"
  }
 }, 
 {
  "pk": 12, 
  "model": "redistricting.scoreargument", 
  "fields": {
   "function": 9, 
   "type": "subject", 
   "argument": "value", 
   "value": "poptot"
  }
 }, 
 {
  "pk": 13, 
  "model": "redistricting.scoreargument", 
  "fields": {
   "function": 9, 
   "type": "literal", 
   "argument": "min", 
   "value": "76010"
  }
 }, 
 {
  "pk": 14, 
  "model": "redistricting.scoreargument", 
  "fields": {
   "function": 9, 
   "type": "literal", 
   "argument": "max", 
   "value": "84011"
  }
 }, 
 {
  "pk": 10, 
  "model": "redistricting.scoreargument", 
  "fields": {
   "function": 8, 
   "type": "literal", 
   "argument": "min", 
   "value": "723729"
  }
 }, 
 {
  "pk": 11, 
  "model": "redistricting.scoreargument", 
  "fields": {
   "function": 8, 
   "type": "literal", 
   "argument": "max", 
   "value": "731003"
  }
 }, 
 {
  "pk": 15, 
  "model": "redistricting.scoreargument", 
  "fields": {
   "function": 10, 
   "type": "subject", 
   "argument": "value", 
   "value": "poptot"
  }
 }, 
 {
  "pk": 16, 
  "model": "redistricting.scoreargument", 
  "fields": {
   "function": 10, 
   "type": "literal", 
   "argument": "min", 
   "value": "190025"
  }
 }, 
 {
  "pk": 17, 
  "model": "redistricting.scoreargument", 
  "fields": {
   "function": 10, 
   "type": "literal", 
   "argument": "max", 
   "value": "210027"
  }
 }, 
 {
  "pk": 18, 
  "model": "redistricting.scoreargument", 
  "fields": {
   "function": 11, 
   "type": "subject", 
   "argument": "population", 
   "value": "poptot"
  }
 }, 
 {
  "pk": 19, 
  "model": "redistricting.scoreargument", 
  "fields": {
   "function": 11, 
   "type": "subject", 
   "argument": "minority1", 
   "value": "pophisp"
  }
 }, 
 {
  "pk": 20, 
  "model": "redistricting.scoreargument", 
  "fields": {
   "function": 11, 
   "type": "subject", 
   "argument": "minority2", 
   "value": "popblk"
  }
 }, 
 {
  "pk": 21, 
  "model": "redistricting.scoreargument", 
  "fields": {
   "function": 11, 
   "type": "subject", 
   "argument": "minority3", 
   "value": "popasn"
  }
 }, 
 {
  "pk": 22, 
  "model": "redistricting.scoreargument", 
  "fields": {
   "function": 11, 
   "type": "subject", 
   "argument": "minority4", 
   "value": "popnam"
  }
 }, 
 {
  "pk": 23, 
  "model": "redistricting.scoreargument", 
  "fields": {
   "function": 11, 
   "type": "subject", 
   "argument": "minority5", 
   "value": "poppild"
  }
 }, 
 {
  "pk": 3, 
  "model": "redistricting.validationcriteria", 
  "fields": {
   "function": 10, 
   "legislative_body": 3, 
   "name": "Equipopulation - State Senate" 
  }
 }, 
 {
  "pk": 2, 
  "model": "redistricting.validationcriteria", 
  "fields": {
   "function": 9, 
   "legislative_body": 2, 
   "name": "Equipopulation - State House" 
  }
 }, 
 {
  "pk": 1, 
  "model": "redistricting.validationcriteria", 
  "fields": {
   "function": 8, 
   "legislative_body": 1, 
   "name": "Equipopulation - Congress" 
  }
 }, 
 {
  "pk": 4, 
  "model": "redistricting.validationcriteria", 
  "fields": {
   "function": 12, 
   "legislative_body": 1, 
   "name": "Contiguity - Congress" 
  }
 }, 
 {
  "pk": 5, 
  "model": "redistricting.validationcriteria", 
  "fields": {
   "function": 12, 
   "legislative_body": 2, 
   "name": "Contiguity - State House"
  }
 }, 
 {
  "pk": 6, 
  "model": "redistricting.validationcriteria", 
  "fields": {
   "function": 12, 
   "legislative_body": 3, 
   "name": "Contiguity - State Senate" 
  }
 }, 
 {
  "pk": 7, 
  "model": "redistricting.validationcriteria", 
  "fields": {
   "function": 11, 
   "legislative_body": 1, 
   "name": "Minority Majority - Congress" 
  }
 }, 
 {
  "pk": 8, 
  "model": "redistricting.validationcriteria", 
  "fields": {
   "function": 11, 
   "legislative_body": 2, 
   "name": "Minority Majority - State House" 
  }
 }, 
 {
  "pk": 9, 
  "model": "redistricting.validationcriteria", 
  "fields": {
   "function": 11, 
   "legislative_body": 3, 
   "name": "Minority Majority - State Senate" 
  }
 }, 
 {
  "pk": 10, 
  "model": "redistricting.validationcriteria", 
  "fields": {
   "function": 5, 
   "legislative_body": 1, 
   "name": "District Count - Congress" 
  }
 }, 
 {
  "pk": 11, 
  "model": "redistricting.validationcriteria", 
  "fields": {
   "function": 6, 
   "legislative_body": 2, 
   "name": "District Count - State House" 
  }
 }, 
 {
  "pk": 12, 
  "model": "redistricting.validationcriteria", 
  "fields": {
   "function": 7, 
   "legislative_body": 3, 
   "name": "District Count - State Senate" 
  }
 }, 
 {
  "pk": 13, 
  "model": "redistricting.validationcriteria", 
  "fields": {
   "function": 13, 
   "legislative_body": 1, 
   "name": "District Count - Congress" 
  }
 }, 
 {
  "pk": 14, 
  "model": "redistricting.validationcriteria", 
  "fields": {
   "function": 14, 
   "legislative_body": 2, 
   "name": "District Count - State House" 
  }
 }, 
 {
  "pk": 15, 
  "model": "redistricting.validationcriteria", 
  "fields": {
   "function": 15, 
   "legislative_body": 3, 
   "name": "District Count - State Senate" 
  }
 }
]
