<?xml version="1.0"?>
<!--<!DOCTYPE metadata SYSTEM "http://www.esri.com/metadata/esriprof80.dtd">-->
<metadata xml:lang="en"><Esri><CreaDate>20100702</CreaDate><CreaTime>15065400</CreaTime><SyncOnce>TRUE</SyncOnce><MetaID>{0F293EAB-83D5-4292-92B0-1609ED86A53D}</MetaID></Esri><idinfo><citation><citeinfo><onlink Sync="TRUE">\\aristotle\e$\projects\GMU_Redistricting\data\ohio\round2\OH_39_census_block_web_mercator</onlink></citeinfo></citation></idinfo><distInfo><distributor><distorTran><onLineSrc><linkage Sync="TRUE">file://\\aristotle\e$\projects\GMU_Redistricting\data\ohio\round2\OH_39_census_block_web_mercator</linkage><protocol Sync="TRUE">Local Area Network</protocol></onLineSrc></distorTran></distributor></distInfo><dataqual><lineage><procstep><procdesc Sync="TRUE">Dataset copied.</procdesc><srcused Sync="TRUE">K:\projects\GMU_Redistricting\data\ohio\OH_39_census_block_web_mercator</srcused><procdate Sync="TRUE">20100702</procdate><proctime Sync="TRUE">15065400</proctime></procstep></lineage></dataqual></metadata>
