<?xml version="1.0" encoding="ISO-8859-1"?>
<metadata>
	<idinfo>
		<citation>
			<citeinfo>
				<origin>Department of Commerce, Census Bureau, Geography Division</origin>
				<pubdate>January 1, 2007</pubdate>
				<title>National Lower Districts</title>
				<geoform Sync="TRUE">vector digital data</geoform>
				<onlink>http://www.avencia.com/cicero/</onlink>
				<ftname Sync="TRUE">districts_national_lower_gcs</ftname></citeinfo>
		</citation>
		<descript>
			<abstract>This data set includes National Lower Districts for US, AS, and CA. The U.S. 110th Congressional Districts (January 2007 - January 2009) were released by the U.S. Census Bureau.</abstract>
			<purpose>A portion of this data set was developed by the U.S. Census Bureau and modified by Avencia Incorporated for use in the Cicero project.</purpose>
			<supplinf>
Cicero: The Geography of Democracy
http://www.avencia.com/cicero/
</supplinf>
			<langdata Sync="TRUE">en</langdata></descript>
		<timeperd>
			<timeinfo>
				<rngdates>
					<begdate>January 2007</begdate>
					<enddate>January 2009</enddate>
				</rngdates>
			</timeinfo>
			<current>publication date</current>
		</timeperd>
		<status>
			<progress>Complete</progress>
			<update>See http://www.census.gov/geo/www/cob/cd_metadata.html</update>
		</status>
		<spdom>
			<bounding>
				<westbc Sync="TRUE">-179.147340</westbc>
				<eastbc Sync="TRUE">179.778470</eastbc>
				<northbc Sync="TRUE">89.999427</northbc>
				<southbc Sync="TRUE">-43.740510</southbc>
			</bounding>
			<lboundng><leftbc Sync="TRUE">-179.147340</leftbc><rightbc Sync="TRUE">179.778470</rightbc><bottombc Sync="TRUE">-43.740510</bottombc><topbc Sync="TRUE">89.999427</topbc></lboundng></spdom>
		<keywords>
			<theme>
				<themekt>REQUIRED: Reference to a formally registered thesaurus or a similar authoritative source of theme keywords.</themekt>
				<themekey>National Lower Districts, 110th Congressional Districts, United States, Canada, Australia, Avencia Incorporated, Cicero</themekey>
			</theme>
		</keywords>
		<accconst>http://www.census.gov/geo/www/cob/cd_metadata.html</accconst>
		<useconst>http://www.census.gov/geo/www/cob/cd_metadata.html</useconst>
		<ptcontac>
			<cntinfo>
				<cntperp>
					<cntper>Abby Fretz</cntper>
					<cntorg>Avencia Incorporated</cntorg>
				</cntperp>
				<cntvoice>215.701.7503</cntvoice>
				<cntfax>215.925.2663</cntfax>
				<cntemail>afretz@avencia.com</cntemail>
			</cntinfo>
		</ptcontac>
		<native Sync="TRUE">Microsoft Windows XP Version 5.1 (Build 2600) Service Pack 2; ESRI ArcCatalog 9.2.1.1332</native>
		<natvform Sync="TRUE">Shapefile</natvform></idinfo>
	<dataqual>
		<lineage><procstep><procdesc Sync="TRUE">Dataset copied.</procdesc><srcused Sync="TRUE">K:\projects\Avencia_Cicero\data\shapes\districts\districts_national_lower_gcs</srcused><date Sync="TRUE">20080429</date><time Sync="TRUE">16493400</time></procstep><procstep><procdesc Sync="TRUE">Dataset copied.</procdesc><srcused Sync="TRUE">C:\Documents and Settings\tmanik-perlman\Desktop\Cicero shapefile drafts\misc\districts_national_lower_gcs</srcused><date Sync="TRUE">20080429</date><time Sync="TRUE">17422500</time></procstep><procstep><procdesc Sync="TRUE">Dataset copied.</procdesc><srcused Sync="TRUE">K:\users\tmanik-perlman\CiceroDrafts\shape_field_length_correction\districts\districts_national_lower_gcs</srcused><procdate Sync="TRUE">20090211</procdate><proctime Sync="TRUE">13501400</proctime></procstep><procstep><procdesc Sync="TRUE">Dataset copied.</procdesc><srcused Sync="TRUE"></srcused><procdate Sync="TRUE">20100702</procdate><proctime Sync="TRUE">14265200</proctime></procstep><procstep><procdesc Sync="TRUE">Dataset copied.</procdesc><srcused Sync="TRUE"></srcused><procdate Sync="TRUE">20100702</procdate><proctime Sync="TRUE">14272700</proctime></procstep></lineage>
	</dataqual>
	<spdoinfo>
		<direct Sync="TRUE">Vector</direct>
		<ptvctinf>
			<sdtsterm Name="districts_national_lower_gcs">
				<sdtstype Sync="TRUE">G-polygon</sdtstype>
				<ptvctcnt Sync="TRUE">898</ptvctcnt>
			</sdtsterm>
			<esriterm Name="districts_national_lower_gcs"><efeatyp Sync="TRUE">Simple</efeatyp><efeageom Sync="TRUE">Polygon</efeageom><esritopo Sync="TRUE">FALSE</esritopo><efeacnt Sync="TRUE">898</efeacnt><spindex Sync="TRUE">TRUE</spindex><linrefer Sync="TRUE">FALSE</linrefer></esriterm></ptvctinf>
	</spdoinfo>
	<spref>
		<horizsys>
			<geograph>
				<latres Sync="TRUE">0.000000</latres>
				<longres Sync="TRUE">0.000000</longres>
				<geogunit Sync="TRUE">Decimal degrees</geogunit>
			</geograph>
			<geodetic>
				<horizdn Sync="TRUE">D_WGS_1984</horizdn>
				<ellips Sync="TRUE">WGS_1984</ellips>
				<semiaxis Sync="TRUE">6378137.000000</semiaxis>
				<denflat Sync="TRUE">298.257224</denflat>
			</geodetic>
			<cordsysn><geogcsn Sync="TRUE">GCS_WGS_1984</geogcsn></cordsysn></horizsys>
	</spref>
	<eainfo>
		<detailed Name="districts_national_lower_gcs">
			<enttyp>
				<enttypl Sync="TRUE">districts_national_lower_gcs</enttypl>
				<enttypt Sync="TRUE">Feature Class</enttypt><enttypc Sync="TRUE">898</enttypc></enttyp>
			<attr>
				<attrlabl>C_DIST_ID</attrlabl>
			</attr>
			<attr>
				<attrlabl>Shape</attrlabl>
				<attrdef>Feature geometry.</attrdef>
				<attrdefs>ESRI</attrdefs>
				<attrdomv>
					<udom>Coordinates defining the features.</udom>
				</attrdomv>
			</attr>
			<attr>
				<attrlabl>C_DISTTYPE</attrlabl>
				<attrtype Sync="TRUE">String</attrtype><attwidth Sync="TRUE">50</attwidth></attr>
			<attr>
				<attrlabl>C_CITY</attrlabl>
				<attrtype Sync="TRUE">String</attrtype><attwidth Sync="TRUE">100</attwidth></attr>
			<attr>
				<attrlabl>C_COUNTRY</attrlabl>
				<attrtype Sync="TRUE">String</attrtype><attwidth Sync="TRUE">100</attwidth></attr>
			<attr><attrlabl Sync="TRUE">FID</attrlabl><attalias Sync="TRUE">FID</attalias><attrtype Sync="TRUE">String</attrtype><attwidth Sync="TRUE">100</attwidth><attrdef Sync="TRUE">Internal feature number.</attrdef><attrdefs Sync="TRUE">ESRI</attrdefs><attrdomv><udom Sync="TRUE">Sequential unique whole numbers that are automatically generated.</udom></attrdomv></attr><attr>
				<attrlabl>C_STATE</attrlabl>
				<attrtype Sync="TRUE">String</attrtype><attwidth Sync="TRUE">100</attwidth></attr>
		</detailed>
	</eainfo>
	<distinfo>
		<distrib>
			<cntinfo>
				<cntorgp>
					<cntorg>Department of Commerce, Census Bureau, Geography Division</cntorg>
				</cntorgp>
			</cntinfo>
		</distrib>
		<resdesc>Downloadable Data from U.S. Census Bureau</resdesc>
		<stdorder>
			<digform>
				<digtinfo>
					<transize>0.317</transize>
					<dssize Sync="TRUE">54.842</dssize></digtinfo>
			</digform>
		</stdorder>
	</distinfo>
	<metainfo>
		<metd Sync="TRUE">20080429</metd>
		<metc>
			<cntinfo>
				<cntorgp>
					<cntorg>Avencia Incorporated</cntorg>
					<cntper>Abby Fretz</cntper>
				</cntorgp>
				<cntaddr>
					<address>340 North 12th Street</address>
					<city>Philadelphia</city>
					<state>PA</state>
					<postal>19107</postal>
					<country>US</country>
					<addrtype>REQUIRED: The mailing and/or physical address for the organization or individual.</addrtype></cntaddr>
				<cntvoice>215.701.7503</cntvoice>
				<cntfax>215.925.2663</cntfax>
				<cntemail>afretz@avencia.com</cntemail>
			</cntinfo>
		</metc>
		<metstdn Sync="TRUE">FGDC Content Standards for Digital Geospatial Metadata</metstdn>
		<metstdv Sync="TRUE">FGDC-STD-001-1998</metstdv>
		<mettc Sync="TRUE">local time</mettc>
		<metextns>
			<onlink>http://www.esri.com/metadata/esriprof80.html</onlink>
			<metprof>ESRI Metadata Profile</metprof>
		</metextns>
		<langmeta Sync="TRUE">en</langmeta><metextns><onlink Sync="TRUE">http://www.esri.com/metadata/esriprof80.html</onlink><metprof Sync="TRUE">ESRI Metadata Profile</metprof></metextns></metainfo>
	<Esri><CreaDate>20100702</CreaDate><CreaTime>14272700</CreaTime><SyncOnce>FALSE</SyncOnce><SyncDate>20080429</SyncDate><SyncTime>17535600</SyncTime><ModDate>20080429</ModDate><ModTime>17535600</ModTime><DataProperties><lineage><Process ToolSource="C:\Program Files\ArcGIS\ArcToolbox\Toolboxes\Data Management Tools.tbx\Append" Date="20090403" Time="135723">Append 2008_Electorates districts_national_lower_gcs NO_TEST "C_DISTTYPE 'C_DISTTYPE' true false false 50 Text 0 0 ,First,#,K:\projects\Avencia_Cicero\downloads\new_zealand\2008_Electorates.shp,C_DISTTYPE,-1,-1;C_DIST_ID 'C_DIST_ID' true false false 100 Text 0 0 ,First,#,K:\projects\Avencia_Cicero\downloads\new_zealand\2008_Electorates.shp,C_DIST_ID,-1,-1;C_CITY 'C_CITY' true false false 100 Text 0 0 ,First,#,K:\projects\Avencia_Cicero\downloads\new_zealand\2008_Electorates.shp,C_CITY,-1,-1;C_STATE 'C_STATE' true false false 100 Text 0 0 ,First,#,K:\projects\Avencia_Cicero\downloads\new_zealand\2008_Electorates.shp,C_STATE,-1,-1;C_COUNTRY 'C_COUNTRY' true false false 100 Text 0 0 ,First,#,K:\projects\Avencia_Cicero\downloads\new_zealand\2008_Electorates.shp,C_COUNTRY,-1,-1;C_LABEL 'C_LABEL' true false false 100 Text 0 0 ,First,#" # districts_national_lower_gcs</Process><Process ToolSource="C:\Program Files\ArcGIS\ArcToolbox\Toolboxes\Data Management Tools.tbx\Append" Date="20100602" Time="084131">Append UK_Parliament_GCS districts_national_lower_gcs NO_TEST "C_DISTTYPE 'C_DISTTYPE' true false false 50 Text 0 0 ,First,#,K:\projects\Azavea_Cicero\data\shapes\in_progress\UK_Parliament_GCS.shp,C_DISTTYPE,-1,-1;C_DIST_ID 'C_DIST_ID' true false false 100 Text 0 0 ,First,#,K:\projects\Azavea_Cicero\data\shapes\in_progress\UK_Parliament_GCS.shp,C_DIST_ID,-1,-1;C_CITY 'C_CITY' true false false 100 Text 0 0 ,First,#,K:\projects\Azavea_Cicero\data\shapes\in_progress\UK_Parliament_GCS.shp,C_CITY,-1,-1;C_STATE 'C_STATE' true false false 100 Text 0 0 ,First,#,K:\projects\Azavea_Cicero\data\shapes\in_progress\UK_Parliament_GCS.shp,C_STATE,-1,-1;C_COUNTRY 'C_COUNTRY' true false false 100 Text 0 0 ,First,#,K:\projects\Azavea_Cicero\data\shapes\in_progress\UK_Parliament_GCS.shp,C_COUNTRY,-1,-1;C_LABEL 'C_LABEL' true false false 100 Text 0 0 ,First,#,K:\projects\Azavea_Cicero\data\shapes\in_progress\UK_Parliament_GCS.shp,C_LABEL,-1,-1" # districts_national_lower_gcs</Process><Process ToolSource="C:\Program Files\ArcGIS\ArcToolbox\Toolboxes\Data Management Tools.tbx\Append" Date="20100611" Time="152850">Append scottish_parliament_Project;welsh_national_assembly_Proj K:\projects\Azavea_Cicero\data\shapes\districts\districts_national_lower_gcs.shp NO_TEST "C_DISTTYPE 'C_DISTTYPE' true false false 50 Text 0 0 ,First,#,C:\Documents and Settings\dbauer\Desktop\dbauer_Cicero\UK\scottish_parliament_Project.shp,C_DISTTYPE,-1,-1,C:\Documents and Settings\dbauer\Desktop\dbauer_Cicero\UK\welsh_national_assembly_Proj.shp,C_DISTTYPE,-1,-1;C_DIST_ID 'C_DIST_ID' true false false 100 Text 0 0 ,First,#,C:\Documents and Settings\dbauer\Desktop\dbauer_Cicero\UK\scottish_parliament_Project.shp,C_DIST_ID,-1,-1,C:\Documents and Settings\dbauer\Desktop\dbauer_Cicero\UK\welsh_national_assembly_Proj.shp,C_DIST_ID,-1,-1;C_CITY 'C_CITY' true false false 100 Text 0 0 ,First,#,C:\Documents and Settings\dbauer\Desktop\dbauer_Cicero\UK\scottish_parliament_Project.shp,C_CITY,-1,-1,C:\Documents and Settings\dbauer\Desktop\dbauer_Cicero\UK\welsh_national_assembly_Proj.shp,C_CITY,-1,-1;C_STATE 'C_STATE' true false false 100 Text 0 0 ,First,#,C:\Documents and Settings\dbauer\Desktop\dbauer_Cicero\UK\scottish_parliament_Project.shp,C_STATE,-1,-1,C:\Documents and Settings\dbauer\Desktop\dbauer_Cicero\UK\welsh_national_assembly_Proj.shp,C_STATE,-1,-1;C_COUNTRY 'C_COUNTRY' true false false 100 Text 0 0 ,First,#,C:\Documents and Settings\dbauer\Desktop\dbauer_Cicero\UK\scottish_parliament_Project.shp,C_COUNTRY,-1,-1,C:\Documents and Settings\dbauer\Desktop\dbauer_Cicero\UK\welsh_national_assembly_Proj.shp,C_COUNTRY,-1,-1;C_LABEL 'C_LABEL' true false false 100 Text 0 0 ,First,#,C:\Documents and Settings\dbauer\Desktop\dbauer_Cicero\UK\scottish_parliament_Project.shp,C_LABEL,-1,-1,C:\Documents and Settings\dbauer\Desktop\dbauer_Cicero\UK\welsh_national_assembly_Proj.shp,C_LABEL,-1,-1" # K:\projects\Azavea_Cicero\data\shapes\districts\districts_national_lower_gcs.shp</Process><Process ToolSource="C:\Program Files\ArcGIS\ArcToolbox\Toolboxes\Data Management Tools.tbx\Project" Date="20100702" Time="142727">Project OH_congressional K:\projects\GMU_Redistricting\data\ohio\round2\OH_congressional_web_mercator.shp PROJCS['WGS_1984_Web_Mercator_Auxiliary_Sphere',GEOGCS['GCS_WGS_1984',DATUM['D_WGS_1984',SPHEROID['WGS_1984',6378137.0,298.257223563]],PRIMEM['Greenwich',0.0],UNIT['Degree',0.0174532925199433]],PROJECTION['Mercator_Auxiliary_Sphere'],PARAMETER['False_Easting',0.0],PARAMETER['False_Northing',0.0],PARAMETER['Central_Meridian',0.0],PARAMETER['Standard_Parallel_1',0.0],PARAMETER['Auxiliary_Sphere_Type',0.0],UNIT['Meter',1.0]] # GEOGCS['GCS_WGS_1984',DATUM['D_WGS_1984',SPHEROID['WGS_1984',6378137.0,298.257223563]],PRIMEM['Greenwich',0.0],UNIT['Degree',0.0174532925199433]]</Process></lineage></DataProperties><MetaID>{E7362BF5-02BB-400B-8CDF-19C2858BBC1A}</MetaID></Esri><dataIdInfo><envirDesc Sync="TRUE">Microsoft Windows XP Version 5.1 (Build 2600) Service Pack 2; ESRI ArcCatalog 9.2.1.1332</envirDesc><dataLang><languageCode Sync="TRUE" value="en"></languageCode></dataLang><idCitation><resTitle Sync="TRUE">districts_national_lower_gcs</resTitle><presForm><PresFormCd Sync="TRUE" value="005"></PresFormCd></presForm></idCitation><spatRpType><SpatRepTypCd Sync="TRUE" value="001"></SpatRepTypCd></spatRpType><dataExt><geoEle><GeoBndBox esriExtentType="native"><westBL Sync="TRUE">-179.14734</westBL><eastBL Sync="TRUE">179.77847</eastBL><northBL Sync="TRUE">89.999427</northBL><southBL Sync="TRUE">-43.74051</southBL><exTypeCode Sync="TRUE">1</exTypeCode></GeoBndBox></geoEle></dataExt><geoBox esriExtentType="decdegrees"><westBL Sync="TRUE">-179.14734</westBL><eastBL Sync="TRUE">179.77847</eastBL><northBL Sync="TRUE">89.999427</northBL><southBL Sync="TRUE">-43.74051</southBL><exTypeCode Sync="TRUE">1</exTypeCode></geoBox></dataIdInfo><mdLang><languageCode Sync="TRUE" value="en"></languageCode></mdLang><mdStanName Sync="TRUE">ISO 19115 Geographic Information - Metadata</mdStanName><mdStanVer Sync="TRUE">DIS_ESRI1.0</mdStanVer><mdChar><CharSetCd Sync="TRUE" value="004"></CharSetCd></mdChar><mdHrLv><ScopeCd Sync="TRUE" value="005"></ScopeCd></mdHrLv><mdHrLvName Sync="TRUE">dataset</mdHrLvName><distInfo><distributor><distorTran><onLineSrc><orDesc Sync="TRUE">002</orDesc><linkage Sync="TRUE">file://</linkage><protocol Sync="TRUE">Local Area Network</protocol></onLineSrc><transSize Sync="TRUE">54.842</transSize></distorTran><distorFormat><formatName Sync="TRUE">Shapefile</formatName></distorFormat></distributor></distInfo><refSysInfo><RefSystem><refSysID><identCode Sync="TRUE">GCS_WGS_1984</identCode></refSysID></RefSystem></refSysInfo><spatRepInfo><VectSpatRep><topLvl><TopoLevCd Sync="TRUE" value="001"></TopoLevCd></topLvl><geometObjs Name="districts_national_lower_gcs"><geoObjTyp><GeoObjTypCd Sync="TRUE" value="001"></GeoObjTypCd></geoObjTyp><geoObjCnt Sync="TRUE">898</geoObjCnt></geometObjs></VectSpatRep></spatRepInfo><mdDateSt Sync="TRUE">20080429</mdDateSt></metadata>
